ts,mb
11:55:56,7379
11:55:59,7379
11:56:02,7379
11:56:05,7379
11:56:08,7379
11:56:11,7379
11:56:14,7379
11:56:17,7379
11:56:20,7379
11:56:23,7379
11:56:26,7407
11:56:29,7407
11:56:32,7712
11:56:35,8294
11:56:38,9305
11:56:41,10246
11:56:44,11306
11:56:47,12178
11:56:50,7516
11:56:53,8159
11:56:56,8734
11:57:00,9407
11:57:03,10080
11:57:06,10669
11:57:09,11258
11:57:12,11891
11:57:15,12531
11:57:18,13172
11:57:21,13878
11:57:24,14519
11:57:27,15192
11:57:30,15781
11:57:33,16243
11:57:36,16748
11:57:39,17337
11:57:42,17337
11:57:45,17401
11:57:48,21459
11:57:51,21437
11:57:54,21437
11:57:57,21437
11:58:00,21437
11:58:03,21437
11:58:06,21437
11:58:09,21437
11:58:12,21459
11:58:15,21437
11:58:18,21437
11:58:21,21437
11:58:24,21437
11:58:27,21437
11:58:30,21437
11:58:34,21459
11:58:37,21437
11:58:40,21437
11:58:43,21437
11:58:46,21437
11:58:49,21437
11:58:52,21437
11:58:55,21437
11:58:58,21459
11:59:01,21437
11:59:04,21437
11:59:07,21437
11:59:10,21437
11:59:13,21437
11:59:16,21437
11:59:19,21459
11:59:22,21437
11:59:25,21437
11:59:28,21437
11:59:31,21437
11:59:34,21437
11:59:37,21459
11:59:40,21437
11:59:43,21459
11:59:46,21437
11:59:49,21437
11:59:52,21437
11:59:55,21437
11:59:58,21437
12:00:01,21437
12:00:04,21459
12:00:07,21437
12:00:10,21437
12:00:13,21437
12:00:16,21437
12:00:19,21437
12:00:22,21437
12:00:25,21437
12:00:28,21459
12:00:32,21437
12:00:35,21437
12:00:38,21437
12:00:41,21437
12:00:44,21437
12:00:47,21437
12:00:50,21437
12:00:53,21459
12:00:56,21437
12:00:59,21437
12:01:02,21437
12:01:05,21437
12:01:08,21437
12:01:11,21437
12:01:14,21459
12:01:17,21437
12:01:20,21437
12:01:23,21437
12:01:26,21437
12:01:29,21437
12:01:32,21437
12:01:35,21437
12:01:38,21459
12:01:41,21437
12:01:44,21437
12:01:47,21437
12:01:50,21437
12:01:53,21437
12:01:56,21437
12:01:59,21437
12:02:02,21459
12:02:05,21437
12:02:08,21437
12:02:11,21437
12:02:14,21437
12:02:17,21437
12:02:21,21437
12:02:24,21437
12:02:27,21437
12:02:30,21437
12:02:33,21437
12:02:36,21473
12:02:39,21459
12:02:42,21437
12:02:45,21437
12:02:48,21459
12:02:51,21437
12:02:54,21437
12:02:57,21437
12:03:00,21437
12:03:03,21437
12:03:06,21437
12:03:09,21437
12:03:12,21459
12:03:15,21437
12:03:18,21437
12:03:21,21437
12:03:24,21437
12:03:27,21437
12:03:30,21437
12:03:33,21437
12:03:36,21459
12:03:39,21437
12:03:42,21437
12:03:45,21437
12:03:48,21437
12:03:51,21437
12:03:54,21437
12:03:57,21437
12:04:00,21459
12:04:04,21437
12:04:07,21437
12:04:10,21437
12:04:13,21437
12:04:16,21437
12:04:19,21437
12:04:22,21437
12:04:25,21459
12:04:28,21437
12:04:31,21437
12:04:34,21437
12:04:37,21437
12:04:40,21437
12:04:43,21437
12:04:46,21459
12:04:49,21437
12:04:52,21437
12:04:55,21437
12:04:58,21437
12:05:01,21437
12:05:04,21437
12:05:07,21437
12:05:10,21459
12:05:13,21437
12:05:16,21437
12:05:19,21437
12:05:22,21437
12:05:25,21437
12:05:28,21437
12:05:31,21437
12:05:34,7777
12:05:37,7800
12:05:40,8960
12:05:43,9922
12:05:46,10917
12:05:49,11846
12:05:53,12077
12:05:56,12238
12:05:59,12259
12:06:02,12252
12:06:05,12235
12:06:08,12235
12:06:11,12173
12:06:14,7447
12:06:17,7422
12:06:20,7423
12:06:23,7422
12:06:26,7422
12:06:29,7403
12:06:32,7403
12:06:35,7393
12:06:38,7393
12:06:41,7393
12:06:44,7393
12:06:47,7393
12:06:50,7393
12:06:53,7393
12:06:56,7393
12:06:59,7393
12:07:02,7393
12:07:05,7393
12:07:08,7393
12:07:11,7393
12:07:14,7393
12:07:17,7393
12:07:20,7393
12:07:23,7393
12:07:26,7393
12:07:29,7393
12:07:32,7393
12:07:35,7393
12:07:38,7393
12:07:41,7393
12:07:44,7393
12:07:48,7393
12:07:51,7393
12:07:54,7393
12:07:57,7393
12:08:00,7393
12:08:03,7393
12:08:06,7393
12:08:09,7393
12:08:12,7393
12:08:15,7393
12:08:18,7393
12:08:21,7393
12:08:24,7393
12:08:27,7393
12:08:30,7393
12:08:33,7393
12:08:36,7429
12:08:39,7414
12:08:42,7393
12:08:45,7393
12:08:48,7393
12:08:51,7393
12:08:54,7393
12:08:57,7393
12:09:00,7393
12:09:03,7393
12:09:06,7393
12:09:09,7393
12:09:12,7393
12:09:15,7393
12:09:18,7393
12:09:21,7393
12:09:24,7393
12:09:27,7393
12:09:30,7393
12:09:33,7393
12:09:36,7393
12:09:39,7393
12:09:43,7393
12:09:46,7393
12:09:49,7393
12:09:52,7393
12:09:55,7393
12:09:58,7393
12:10:01,7393
12:10:04,7393
12:10:07,7393
12:10:10,7393
12:10:13,7393
12:10:16,7393
12:10:19,7393
12:10:22,7393
12:10:25,7393
12:10:28,7393
12:10:31,7393
12:10:34,7393
12:10:37,7393
12:10:40,7393
12:10:43,7393
12:10:46,7393
12:10:49,7393
12:10:52,7393
12:10:55,7393
12:10:58,7393
12:11:01,7393
12:11:04,7397
12:11:07,7417
12:11:10,7414
12:11:13,7400
12:11:16,7417
12:11:19,7414
12:11:22,7400
12:11:25,7400
